insert into Customer values('Tom','Curran','tomcurran10@gmail.com',9929567460,'England@123','40-Lion apartment,London eye,london')
insert into Customer values('Sam','Curran','samcurran10@gmail.com',8504175465,'Rusty@123@','86-A,Central Park,London Bridge,london')
insert into Customer values('Sachin','Tedulkar','cricketgod@gmail.com',9999975465,'dada95095#@','Cricket Bunglow,Navi mumbai,Maharastra')
insert into Customer values('Rahul','Dravid','wallofcricket@yahoo.com',8504100000,'@123google','6-A,Silver Bunglow,Powai,mumbai,Maharastra')
insert into Customer values('Abhishek','Sharma','abhisheksharma@gmail.com',9853214025,'8696@ucnews','Prem nagar,Dehradun, Uttrakhand')
insert into Customer values('Binod','Thakur','famousbinod@gmail.com',9898989887,'Internet!@#123','10-Rampur Colony,Ayodya,Uttar Pradesh')
insert into Customer values('Catherine','Obama','catherine2808@gmail.com',4586321790,'Ironman@6969','120 Hanover Sq,WA1 1DP,Berlin,Germany')
insert into Customer values('Catherine','Obama','catherine2808@gmail.com',4586321790,'Ironman@6969','120 Hanover Sq,WA1 1DP,Berlin,Germany')
insert into Customer values('Francisco','Chang','changFrancisco@outlook.com',7689451120,'Changwang%@10','Sierras de Granada 9993,Mexico D.F.,Mexico')
insert into Customer values('Roland','Mendel','roland@ucnews.com',3987896089,'kangroo@@1999','Kirchgasse 6,Graz,8010,Austria')
insert into Customer values('Peter','Franken','peterparker@marvel.com',8504079420,'kangroo@@1999','Kirchgasse 6,Graz,8010,Austria') 
insert into Customer values('Yoshi','Latimer','yoshimistus@tekkan.com',6896741522,'Jackson767!@01','City Center Plaza 516 Main St,97827,Elgin,USA') 
insert into Customer values('Alejandra','Camino','alexCamio@tcs.com',7845120522,'Triko007!@01','Gran Vía, 1,Madrid,28001,Spain')


insert into Category values('C00101','Clothes'),('S00101','Sports'),('E00101','Electronics'),('T00101', 'Toys')

insert into Retailer values('Pantaloons','pa@gmail.com','Pantaloons','Pantap');
insert into Retailer values('Reliance','re@gmail.com','Reliance','Reliap');
insert into Retailer values('Shoppers Stop','sh@gmail.com','Shoppers','Shoppp');
insert into Retailer values('Westside','we@gmail.com','Westiside','Westsp');
insert into Retailer values('BigBazar','bi@gmail.com','BigBazar','Bigbap');
insert into Retailer values('D-Mart','dm@gmail.com','DMart','Dmartp');


insert into AdminInfo(AdminID, AdminName, admin_email, mobile, password) values(1,'Ekankshi','eku@gmail.com','3456789034','eku34');
insert into AdminInfo values(2,'Pragya','pragya@gmail.com','5678901234','pragya34');
insert into AdminInfo values(3,'Saurabh','saurabh@gmail.com','6547387634','saurabh34');
insert into AdminInfo values(4,'Aryan','aryan@gmail.com','1234679834','aryan34');
------------------------------------------------------------------------------------------------------------------------------------------------------------------------------------------------------------------------------------------------------------------------------------------------------------------------------------------------------------------------------------------------------------------------------------------------------------------------------------------------------------------------------------------------------
insert into ProductDetails values(550,'HP Spectre x360- 13-aw0204tu',10,60000,'8th Generation Intel® Core™ i3 processor','https://in-media.apjonlinecdn.com/catalog/product/cache/314dec89b3219941707ad62ccc90e585/r/a/rainer_13_wwan_nightfallblack_t_ircam_nonodd_nonfpr_spectre_coreset_tent.png','silver','14_Inch',1001,'E00101','HP');
insert into ProductDetails values(551,'New Vostro 15 3590 Laptop',8,62500,'10th Generation Intel® Core™ i5-10210U,1TB 5400RPM 2.5" SATA Hard Drive','https://i.dell.com/is/image/DellContent//content/dam/global-site-design/product_images/dell_client_products/notebooks/vostro_notebooks/15_3580/global_spi/notebook-vostro-15-3580-black-campaign-hero-504x350-ng.psd?fmt=jpg&wid=570&hei=400','Black','16_Inch',1001,'E00101','DELL');
insert into ProductDetails values(552,'Sony 1LED Smart TV, 43X7500H',10,70400,'Ultra HD (4K) Display Type, Wi-Fi, HDR, HDMI Supported, Android Operating System','https://www.reliancedigital.in/medias/Sony-43-UHD-Smart-LED-TV-43X7500H-491694866-i-1-1200Wx1200H?context=bWFzdGVyfGltYWdlc3w3MzY2OTd8aW1hZ2UvanBlZ3xpbWFnZXMvaGQ4L2hiNi85MzM5OTIzMTAzNzc0LmpwZ3xiYWE5NzkzZjg1MGZhM2ViZTZmNzQ2MDg2N2FhMzliM2UzNTM3NGRiNTcxMTMzNzNhYTBjMGY0NWQ0ZGZjMDhm','Black','55_Inch',1002,'E00101','SONY');
insert into ProductDetails values(553,'LG Smart LED TV 50UM7290PTD',8,49800,'Resolution: 4K Ultra HD (3840x2160) | Refresh Rate: 50 hertz','https://images-na.ssl-images-amazon.com/images/I/81UZXsgcycL._SL1500_.jpg','Black','55_Inch',1002,'E00101','LG');
insert into ProductDetails values(554,'LG Washing Machine, FHT1207ZNS',10,25400,'Combat allergens with the power of steam, Optimal wash for fabrics with 6 Motion DD, Child lock, touch panel, 1200 RPM spin speed','https://www.reliancedigital.in/medias/LG-FHT1207ZNS-ASSQEIL-Washing-Machines-491891802-i-1-1200Wx1200H?context=bWFzdGVyfGltYWdlc3w5MzI5MXxpbWFnZS9qcGVnfGltYWdlcy9oMzcvaGVmLzkzMzQzNjAwODA0MTQuanBnfDBkNzY3ODlhYzBkNmMxODhmZjlhNGIzY2M5MDFjNjRhMDllN2YwZDQ2YjY3MmI1ZDIwZTRkMjRmNDg3NDZkMzM','Silver','7 KG',1001,'E00101','LG');
insert into ProductDetails values(555,'Samsung Washing Machine,WD90KX',8,48320,'Powerful Cleaning even at low temperatures, Bubble Soak technology removes stubborn stains','https://www.reliancedigital.in/medias/Samsung-WD90K6410OX-TL-Front-Loading-Fully-Automatic-Washing-Machine-9-Kgs-491296802-i-1-1200Wx1200H?context=bWFzdGVyfGltYWdlc3wyNTg3OTN8aW1hZ2UvanBlZ3xpbWFnZXMvaDMzL2g2Yy84OTUwOTY4NjQ3NzEwLmpwZ3xkMzliZmQ0NWZjMTY1ZDdkZDAyOTQ2MzZiYzVhMmJjNzE4YzY5ZDUwOTQ3ZTRmYWEwZWY2MzJmMWFiOWUwMTVi','Black','9 KG',1001,'E00101','SAMSUNG');
insert into ProductDetails values(556,'Samsung Galaxy S10',8,72165,'Galaxy S10 Immersive viewing experience with our Dynamic AMOLED Infinity‑O Display Laptop‑level storage ','https://images-na.ssl-images-amazon.com/images/I/61YVqHdFRxL._AC_SX522_.jpg','Blue','OneSize',1001,'E00101','SAMSUNG');
insert into ProductDetails values(557,'Apple iPhone 11 64 GB',8,67300,'6.1 inch Liquid Retina HD 1792 x 828 display, 12 MP selfie camera, iOS 13 operating system','https://www.reliancedigital.in/medias/iPhone-11-64GB-Black-491584654-i-1-1200Wx1200H?context=bWFzdGVyfGltYWdlc3wxMTEzOTR8aW1hZ2UvanBlZ3xpbWFnZXMvaDU0L2gxOS85MTk1ODI5Mzk1NDg2LmpwZ3wyMDYxYWIwYTZmMjYwNjY0ZDNjNjZkYzVlZTc1Y2Q4N2QyMjA0MDgwNDIzMWJhNjAzMTFjNDE3Mjg3NDNiYThi','Red','OneSize',1002,'E00101','APPLE');

insert into ProductDetails values(660,'SG English Willow Cricket Bat',8,3837,'Suitable For: Leather Ball | Weight: 700-750gm | Sweet Spot: Medium | Spine Profile: Medium','https://images-na.ssl-images-amazon.com/images/I/611F3QtD7UL._SL1500_.jpg','White','OneSize',1003,'S00101','SG');
insert into ProductDetails values(661,'Spalding Miami Heat Basketball',10,890,'Material :Rubber | Core/Bladder Material :Synthetic Rubber | Construction Type : Moulded | Waterproof :Yes','https://cdn.shopify.com/s/files/1/0243/7080/6862/products/SpaldingMiamiHeatBasketball_1024x1024.png?v=1596275846','Brown','OneSize',1003,'S00101','SPALDING');
insert into ProductDetails values(662,'YONEX ASTROX 100 ZZ',8,13400,'YONEX ASTROX 100: The Next Level of Power and Versatility is here! Designed with a slimmer shaft and an advanced Rotational Generator System. ','https://cdn.shopify.com/s/files/1/0276/6333/5466/products/Untitled.001_ace94ffc-9050-4847-b6a0-b2795b6cd08a_1024x1024@2x.jpg?v=1590410031','Blue','OneSize',1004,'S00101','YONEX');
insert into ProductDetails values(663,'Shivgan Light Weight Base Bat',10,530,'It is nicely balanced and easy to swing with good control and bat speed Size - 30 inch : Material: Top Quality Wood','https://images-na.ssl-images-amazon.com/images/I/416Suq4LW7L._SL1004_.jpg','Silver','OneSize',1004,'S00101','SHIVGAN');
insert into ProductDetails values(664,'Wilson Pro Staff RF97 ',8,14895,'Head Siz:97 sq, Strung Weight:57 g, Balance:9 pts HL, Stroke Style:Full','https://tennishub.in/media/catalog/product/cache/3600535d6fdf2baa3cfb47fcb7bd7ac5/r/w/rw2063_4.jpg','Black','OneSize',1004,'S00101','WILSON');
insert into ProductDetails values(665,'Nivia Cross Training  Gloves',10,242,'NIVIA Cross Training Glove is made from durable, high-performance materials and displays a progressive design.','https://images-na.ssl-images-amazon.com/images/I/71jAjhl5sIL._SL1201_.jpg','Black','OneSize',1003,'S00101','NIVIA');
insert into ProductDetails values(666,'Stag Rollaway Indoor T.Table',8,52700,'Type: Rollaway, For: Indoor, Frame Thickness: 25 mm, Playback Mode, Finish: Smooth','https://rukminim1.flixcart.com/image/416/416/jn97frk0/kit/f/h/w/americas-20092009-stag-original-imaf9zfhktvxnf6c.jpeg?q=70','Blue','OneSize',1003,'S00101','STAG');
insert into ProductDetails values(667,'Nike Strike FootBall',10,1990,'Material : Rubber| Core/Bladder Material : Synthetic Rubber | Construction Type : Machine Stitched | Waterproof : Yes | Number of panels : 12','https://images-na.ssl-images-amazon.com/images/I/61Ad4YKl9EL._SL1000_.jpg','Grey/Blue','OneSize',1004,'S00101','NIKE');

insert into ProductDetails values (770, 'Mirror Cube 3x3 Cube',8, 249, 'This mirror cube is extremely lightweight owing to its advanced engineering. In addition to this, it has a 6 x 6 x 6 cm size dimension.','https://images-na.ssl-images-amazon.com/images/I/51DBLzK%2BIYL.jpg','One-Size', 'Golden',1005, 'T00101','D ETERNAL') 
insert into ProductDetails values (771, 'Shooting Gun Toy',10, 449, 'Its Super Exciting and Super Cool Shooting Fun for the whole family.','https://images-na.ssl-images-amazon.com/images/I/71s5RM60m3L._SL1280_.jpg','One-Size', 'Blue',1006, 'T00101','Blaze StormL') 
insert into ProductDetails values (772, 'Ice Cream Kitchen Set',10, 719, 'Package Includes lots of components like A stroller, ice cream, stickers.','https://images-na.ssl-images-amazon.com/images/I/61jX0epkqNL._SL1100_.jpg','One-Size', 'Pink',1002, 'T00101','Smartcraft') 
insert into ProductDetails values (773, 'SUPER TOY LCD Writing Tablet',8, 399, 'Pressure-sensitive screen lets you create thick and thin lines. Durable case and recessed screen are safe for school, travel and home use.','https://images-na.ssl-images-amazon.com/images/I/61H2fEDoQzL._SL1332_.jpg','One-Size', 'Black',1003, 'T00101','SUPER TOY Store') 
insert into ProductDetails values (774, 'Rabbit with Carrot Stuffed Toy',8, 205, 'Home washable,Non-toxic and soft fabric,Soft and cuddly filling','https://images-na.ssl-images-amazon.com/images/I/31elYfFdG4L.jpg','One-Size', 'White',1002, 'T00101','DEALS INDIA') 
insert into ProductDetails values (775, 'Toy Binocular',10, 325, 'Tinted lenses for surveillance and also binocular with night vision.Zoom upto 4x only.','https://images-na.ssl-images-amazon.com/images/I/51Cbi210nIL.jpg','One-Size', 'Brown',1005, 'T00101','Generic Store') 
insert into ProductDetails values (776, 'Fruits Cutting Play Toy Set',8, 299, 'Included Items: 5 Slice-able Fruits, 1 Chopping Board & 1 Knife','https://images-na.ssl-images-amazon.com/images/I/51WXzzmDuJL.jpg','One-Size', 'Multi',1006, 'T00101','Toyshine') 
insert into ProductDetails values (777, 'Digital Toy Camera',10, 1349, 'The body has a sleek design, and the grip is more comfortable to protect the children tender hands.','https://images-na.ssl-images-amazon.com/images/I/61jHb5-Gl-L._SL1500_.jpg','One-Size', 'Light Blue',1003, 'T00101','BLESSBE') 
------------------------------------------------------------------------------------------------------------------------------------------------------------------------------------------------------------------------------------------------------------------------------------------------------------------------------------------------------------------------------------------------------------------------------------------------------------------------------------------------------------
insert into Orders(Order_Id,Order_Status, Customer_Id,Payment_Id, Unit_Price,Total_Amount) values ('OR1001','Shipped', 101, 10, 450.07, 450.07)

insert into Payment values (10, 'Card Payment', 'Payed')

select * from Orders
